[{"placeId":"f3d21f21-3e2d-466e-a066-10cf86c56c8b","metadata":{"created":0,"name":null,"location":null,"userdata":"null","simulatedMap":{"cameraPoses":null}}},{"placeId":"b8a73f2f-7a59-4143-8ca6-30e0d0e147ad","metadata":{"created":0,"name":null,"location":null,"userdata":"null","simulatedMap":{"cameraPoses":null}}},{"placeId":"c3aa7b00-5da8-4ec5-9baa-37f523c3fcf0","metadata":{"created":0,"name":null,"location":null,"userdata":"null","simulatedMap":{"cameraPoses":null}}},{"placeId":"a920383f-bfcb-4aa2-8b38-97f7d5cfcc10","metadata":{"created":0,"name":null,"location":null,"userdata":"null","simulatedMap":{"cameraPoses":null}}},{"placeId":"d03a6dc5-e969-40cc-911a-0b56cb7a10c0","metadata":{"created":0,"name":null,"location":null,"userdata":"null","simulatedMap":{"cameraPoses":null}}},{"placeId":"5d8d8878-4b4f-4305-9357-7670db47bff1","metadata":{"created":0,"name":null,"location":null,"userdata":"null","simulatedMap":{"cameraPoses":null}}},{"placeId":"5fac5dde-740a-413d-ad04-155ae0bb6e45","metadata":{"created":0,"name":null,"location":null,"userdata":"null","simulatedMap":{"cameraPoses":null}}},{"placeId":"ae3640ad-9211-4d0e-a163-31fa171eecae","metadata":{"created":0,"name":null,"location":null,"userdata":"null","simulatedMap":{"cameraPoses":null}}},{"placeId":"ebdde7dc-1f94-4e7b-93eb-6a208ae5f300","metadata":{"created":0,"name":null,"location":null,"userdata":"null","simulatedMap":{"cameraPoses":null}}},{"placeId":"54476c28-1fcb-4253-9e2d-e73f30ddc86f","metadata":{"created":0,"name":null,"location":null,"userdata":"null","simulatedMap":{"cameraPoses":null}}},{"placeId":"d4377684-41f7-4304-b5a2-4774ace765cc","metadata":{"created":0,"name":null,"location":null,"userdata":"null","simulatedMap":{"cameraPoses":null}}},{"placeId":"23b984b4-09b2-4ef8-9d78-82bb4a166a6f","metadata":{"created":0,"name":null,"location":null,"userdata":"null","simulatedMap":{"cameraPoses":null}}},{"placeId":"54289730-cca6-48b0-8e0e-a723df960436","metadata":{"created":0,"name":null,"location":null,"userdata":"null","simulatedMap":{"cameraPoses":null}}},{"placeId":"69bcbc1b-42d5-487f-a9e9-00605aaf5fc5","metadata":{"created":0,"name":null,"location":null,"userdata":"null","simulatedMap":{"cameraPoses":null}}},{"placeId":"dd5ebae6-d3f2-46cf-ad8e-fe8babfe6203","metadata":{"created":0,"name":null,"location":null,"userdata":"null","simulatedMap":{"cameraPoses":null}}},{"placeId":"d8aef606-c343-4e2b-922b-94adb201b640","metadata":{"created":0,"name":null,"location":null,"userdata":"null","simulatedMap":{"cameraPoses":null}}},{"placeId":"ca4b4a10-7367-4585-8de6-e0ba26a17329","metadata":{"created":0,"name":null,"location":null,"userdata":"null","simulatedMap":{"cameraPoses":null}}},{"placeId":"19895105-554a-4d97-a27e-0342eddfba05","metadata":{"created":0,"name":null,"location":null,"userdata":"null","simulatedMap":{"cameraPoses":null}}},{"placeId":"7a092458-6add-4b9f-994c-f3eab40b22bc","metadata":{"created":0,"name":null,"location":null,"userdata":"null","simulatedMap":{"cameraPoses":null}}},{"placeId":"08ded524-5ad9-4cb7-9cf1-05ea97e16099","metadata":{"created":0,"name":null,"location":null,"userdata":"null","simulatedMap":{"cameraPoses":null}}},{"placeId":"cdfc06b9-6e3a-4e96-a071-548ea5595064","metadata":{"created":0,"name":"Brilliant Mastodon","location":null,"userdata":{"shapeList":{"shapes":[]}},"simulatedMap":{"cameraPoses":[{"position":{"x":0.0,"y":0.0,"z":0.0},"rotation":{"x":0.0,"y":0.0,"z":0.0,"w":1.0}}]}}},{"placeId":"5c044a98-32b4-48b2-b6c1-fb6541232f94","metadata":{"created":0,"name":"Digital Pigeon breeds","location":null,"userdata":{"shapeList":{"shapes":[{"px":-0.07059042,"py":0.0,"pz":0.291576743,"qx":0.0,"qy":0.118485324,"qz":0.0,"qw":-0.992955863,"shapeType":2},{"px":-0.135443226,"py":5.95998827E-05,"pz":0.2676848,"qx":-9.662113E-05,"qy":-0.232074782,"qz":-2.3052713E-05,"qw":0.972698033,"shapeType":1},{"px":-0.198592141,"py":4.60100273E-05,"pz":0.22485812,"qx":-7.17210351E-05,"qy":-0.353887677,"qz":-2.71373E-05,"qw":0.935287952,"shapeType":0},{"px":-0.240707412,"py":-6.1315186E-06,"pz":0.1790529,"qx":-9.131306E-06,"qy":0.448974937,"qz":-4.58816339E-06,"qw":-0.8935444,"shapeType":1},{"px":-0.269560575,"py":-6.12495069E-06,"pz":0.131670475,"qx":-8.658683E-06,"qy":0.529669,"qz":-5.40699375E-06,"qw":-0.848204434,"shapeType":1},{"px":-0.290036857,"py":7.272326E-06,"pz":0.07667223,"qx":9.603472E-06,"qy":0.6100926,"qz":7.39465349E-06,"qw":-0.792330146,"shapeType":2},{"px":-0.299622148,"py":7.26356757E-06,"pz":0.0150528075,"qx":8.77232651E-06,"qy":0.6891386,"qz":8.342674E-06,"qw":-0.7246296,"shapeType":2}]}},"simulatedMap":{"cameraPoses":[{"position":{"x":0.0,"y":0.0,"z":0.0},"rotation":{"x":0.0,"y":0.0,"z":0.0,"w":1.0}},{"position":{"x":0.0,"y":0.0,"z":0.0},"rotation":{"x":-0.000115253031,"y":0.232074782,"z":-2.74980757E-05,"w":-0.972698033}},{"position":{"x":0.0,"y":0.0,"z":0.0},"rotation":{"x":-9.131306E-06,"y":0.448974937,"z":-4.58816339E-06,"w":-0.8935444}},{"position":{"x":0.0,"y":0.0,"z":0.0},"rotation":{"x":9.471802E-06,"y":0.62375,"z":7.558668E-06,"w":-0.78162396}}]}}},{"placeId":"553cad31-4e32-44a6-9c83-b0d7903370d9","metadata":{"created":0,"name":"Distinguished Marsupial","location":null,"userdata":{"shapeList":{"shapes":[{"px":-0.137910336,"py":3.22771048E-05,"pz":0.266422123,"qx":-5.226823E-05,"qy":-0.236565322,"qz":-1.27260646E-05,"qw":0.9716156,"shapeType":1},{"px":-0.211731747,"py":-4.71339445E-05,"pz":0.212531582,"qx":-7.26051148E-05,"qy":0.3818124,"qz":-2.999387E-05,"qw":-0.9242399,"shapeType":0},{"px":-0.260987878,"py":6.794318E-06,"pz":0.147936925,"qx":9.784247E-06,"qy":0.503426731,"qz":5.70073553E-06,"qw":-0.864037931,"shapeType":2},{"px":-0.293939859,"py":6.771204E-06,"pz":0.0599947944,"qx":8.741524E-06,"qy":0.6324624,"qz":7.13755253E-06,"qw":-0.7745911,"shapeType":2}]}},"simulatedMap":{"cameraPoses":[{"position":{"x":0.0,"y":0.0,"z":0.0},"rotation":{"x":0.0,"y":0.0,"z":0.0,"w":1.0}},{"position":{"x":0.0,"y":0.0,"z":0.0},"rotation":{"x":0.0,"y":0.188320354,"z":0.0,"w":-0.9821077}},{"position":{"x":0.0,"y":0.0,"z":0.0},"rotation":{"x":-7.26051148E-05,"y":0.3818124,"z":-2.999387E-05,"w":-0.9242399}},{"position":{"x":0.0,"y":0.0,"z":0.0},"rotation":{"x":8.833943E-06,"y":0.6226129,"z":7.02864645E-06,"w":-0.78253}}]}}}]